Title,Description,Price,Currency Code,Quantity,Tags,Materials,Section,When Made,Renewal Option,Who Made,Is Supply,Image1,Image2,Image3,Image4,Image5,Image6,Image7,Image8,Image9,Image10,Variations,SKU,Production Partner,Shipping,Listing Type,Category,Digital File
"ADHD Daily Planner for Adults: 90-Day Undated Organizer with Brain Dump Pages, Dopamine Menu & Weekly Reviews  -  Designed for","Finally, a planner that gets how your ADHD brain actually works.

No complicated systems. No 47 sections to fill. No guilt.

Just 3 tasks per day + a brain dump space + a reward menu. That's it.

DESIGNED FOR ADHD BRAINS:
★ Only 3 Must-Do Tasks Per Day — because 20 tasks = paralysis
★ Brain Dump Pages — racing thoughts at 3am? Write them here
★ Dopamine Menu — healthy rewards YOU choose (replaces doom-scrolling)
★ Energy Level Tracker — work WITH your energy, not against it
★ Time Blocks (Not Hour-by-Hour) — Morning / Afternoon / Evening. Simple.
★ Weekly Review — 10 minutes, no judgment, just data
★ Daily Win Tracker — celebrate the small stuff
★ Mood Check — spot patterns in how you feel

WHAT'S INSIDE:
• 90 Daily Planner Pages (3 months, undated — start anytime)
• 13 Weekly Review Pages
• 18+ Brain Dump Pages
• 1 Dopamine Menu (fill it in first!)
• How-To Guide (2 minutes to read)

WHY THIS IS DIFFERENT:
Most planners are designed for neurotypical brains. They assume you can plan a whole week in advance, stick to a routine, and feel motivated every morning.

This planner assumes none of that. It meets you where you are — even on the ""I can't do anything"" days. Because writing down ONE win still counts.

PERFECT FOR:
✓ Adults with ADHD or suspected ADHD
✓ People who bought 10 planners and used none of them
✓ Anyone who feels overwhelmed by traditional planning systems
✓ Neurodivergent thinkers who need flexibility, not structure

SPECS:
• Size: 8.5 x 11 inches
• Pages: 130+
• Undated (start any day)
• Matte cover
• Thick white paper

Your brain isn't broken. It just needs the right tools.

---

INSTANT DOWNLOAD
After purchase, you'll receive a downloadable PDF immediately.

FORMAT
- High-quality printable PDF
- US Letter (8.5 x 11) and A4 friendly
- Print at home, at any print shop, or use digitally

REFUND POLICY
Digital downloads are non-refundable due to their instant nature. If you have any issues, message me and I'll make it right.

COPYRIGHT
For personal use only. Not for resale or redistribution.

Thank you for supporting an indie creator.",12.99,USD,999,"adhd daily planner,adult adhd journal,adhd planner women,printable,digital download,instant download,pdf download,planner,journal,digital art,printable planner,minimalist,pdf","PDF,digital,printable",Printable Planner,made_to_order,automatic,i_did,false,C:\Users\hdh02\Desktop\cheonmyeongdang\departments\ebook\projects\adhd-planner\cover.pdf,,,,,,,,,,,KDP-ADHD-PLANNER,,Digital,download,Craft Supplies & Tools > Patterns & How To > Patterns,C:\Users\hdh02\Desktop\cheonmyeongdang\departments\ebook\projects\adhd-planner\adhd_planner.pdf
"AI Side Hustle Blueprint: The 100-Day System to Build $5,000/Month Digital Products with Claude & ChatGPT","Want to earn an extra $5,000/month with AI? This isn't theory — it's a proven 100-day system.

This book gives you the exact blueprint that a solo entrepreneur used to build multiple income streams using Claude, ChatGPT, and free tools. No coding skills needed. No prior expertise required.

WHAT YOU'LL LEARN:
★ The 100-Day Roadmap: Days 1-30 (Build), Days 31-60 (Launch), Days 61-100 (Scale)
★ 7 Types of Digital Products You Can Create with AI Today
★ How to Find Profitable Niches Using the 3-Point Analysis Method
★ Create a Complete eBook in 1 Day Using AI (Step-by-Step)
★ Build Notion Templates, Excel Sheets, and Canva Packs at Scale
★ Set Up Automated Sales Funnels with Email Marketing
★ Price Psychology: Why $9.99 vs $49 Matters
★ Real Case Studies of People Earning $3K-$10K/Month

50 CHAPTERS COVERING:
• AI Tool Selection (Claude vs ChatGPT vs Gemini)
• Product Creation (eBooks, Templates, Courses, Prompt Packs)
• Sales Platform Setup (Gumroad, Etsy, Amazon KDP)
• Marketing (Instagram, Blog SEO, YouTube Shorts, Email)
• Scaling (Bundles, Affiliates, Paid Ads)
• Automation (Make.com, Zapier, AI Workflows)

WHO THIS IS FOR:
✓ 9-to-5 workers wanting a side income
✓ Freelancers looking to create passive revenue
✓ Anyone curious about making money with AI
✓ Complete beginners (no tech skills needed)

Stop scrolling through ""how to make money online"" videos. Start building.
Your 100-day countdown starts now.

---

INSTANT DOWNLOAD
After purchase, you'll receive a downloadable PDF immediately.

FORMAT
- High-quality printable PDF
- US Letter (8.5 x 11) and A4 friendly
- Print at home, at any print shop, or use digitally

REFUND POLICY
Digital downloads are non-refundable due to their instant nature. If you have any issues, message me and I'll make it right.

COPYRIGHT
For personal use only. Not for resale or redistribution.

Thank you for supporting an indie creator.",14.99,USD,999,"ai side hustle,ai business guide,claude ai money,side hustle 2026,printable,digital download,instant download,pdf download,planner,journal,digital art,printable planner,minimalist","PDF,digital,printable",Digital Download,made_to_order,automatic,i_did,false,C:\Users\hdh02\Desktop\cheonmyeongdang\departments\ebook\projects\ai-side-hustle-en\cover.pdf,,,,,,,,,,,KDP-AI-SIDE-HUSTLE-EN,,Digital,download,Craft Supplies & Tools > Patterns & How To > Patterns,C:\Users\hdh02\Desktop\cheonmyeongdang\departments\ebook\projects\ai-side-hustle-en\ai_side_hustle_en.pdf
"Airbnb Guest Book: Vacation Rental Visitor Log with Guest Reviews, Local Recommendations & Memorable Stay Notes","Airbnb Guest Book: Vacation Rental Visitor Log with Guest Reviews, Local Recommendations & Memorable Stay Notes

---

INSTANT DOWNLOAD
After purchase, you'll receive a downloadable PDF immediately.

FORMAT
- High-quality printable PDF
- US Letter (8.5 x 11) and A4 friendly
- Print at home, at any print shop, or use digitally

REFUND POLICY
Digital downloads are non-refundable due to their instant nature. If you have any issues, message me and I'll make it right.

COPYRIGHT
For personal use only. Not for resale or redistribution.

Thank you for supporting an indie creator.",9.99,USD,999,"airbnb guest book,vrbo guest book,airbnb host supplies,printable,digital download,instant download,pdf download,planner,journal,digital art,printable planner,minimalist,pdf","PDF,digital,printable",Digital Download,made_to_order,automatic,i_did,false,C:\Users\hdh02\Desktop\cheonmyeongdang\departments\ebook\projects\airbnb-guestbook\cover.pdf,,,,,,,,,,,KDP-AIRBNB-GUESTBOOK,,Digital,download,Craft Supplies & Tools > Patterns & How To > Patterns,C:\Users\hdh02\Desktop\cheonmyeongdang\departments\ebook\projects\airbnb-guestbook\airbnb_guestbook.pdf
Bird Watching Journal,"**Every flutter. Every song. Every lifer.**
The Bird Watching Journal is the field-tested companion serious birders and curious backyard watchers have been waiting for. Whether you're chasing warblers during spring migration, tallying feeder visitors with your morning coffee, or guiding someone into their first season of birding — this book turns each sighting into a record worth keeping.

**WHAT'S INSIDE (113 pages, 6 x 9 in)**
- 100 detailed sighting log pages — one rich entry per page
- 4 trip planner spreads to organize outings before you head out
- 5-page Life List section (100 species, numbered) to track every lifer
- 8-prompt Birder Profile to record your home patch and goals
- Pro tips for identification, ear-birding, and field observation
- Field notes & reflections section for migration journals and gear logs

**EVERY SIGHTING PAGE CAPTURES**
- Common name + scientific name
- Family / group + count
- Location + GPS coordinates / park / refuge
- Habitat: forest, wetland, grassland, coastal, urban, backyard
- Weather, temperature, wind
- Identification: size class, plumage, beak shape, song / call
- Behavior: feeding, singing, flying, nesting, mating display, foraging
- Notes / field sketch space
- Lifer tag + photo / audio capture flags

**WHO THIS IS FOR**
- Beginning birders building their first life list
- Experienced birders who want a simple, durable field log
- Backyard watchers tracking feeder regulars
- Naturalists, hikers, and nature journalers
- A thoughtful gift for retirees, parents, grandparents — and any nature lover with a pair of binoculars on the windowsill

**WHY THIS JOURNAL**
Apps are great for fast counts, but paper teaches observation. Sketching a bird's posture, writing out a song in syllables, and noting habitat and behavior in your own hand sharpen the kind of attention that turns ""sparrow"" into ""white-throated sparrow"" — and lights up a lifetime hobby. This journal is light enough for a field bag, structured enough to pull observations out of even quick sightings, and roomy enough for the long entries that special days deserve.

**SPECS**
- 6 x 9 inches (perfect bag size)
- 113 pages, white interior
- Soft matte paperback cover
- Forest green & sage classic field-guide aesthetic

Perfect for Mother's Day, Father's Day, retirement gifts, birthday gifts for nature lovers, and the start of every spring migration season.

**Open the cover. Step outside. Start your list.**

---

INSTANT DOWNLOAD
After purchase, you'll receive a downloadable PDF immediately.

FORMAT
- High-quality printable PDF
- US Letter (8.5 x 11) and A4 friendly
- Print at home, at any print shop, or use digitally

REFUND POLICY
Digital downloads are non-refundable due to their instant nature. If you have any issues, message me and I'll make it right.

COPYRIGHT
For personal use only. Not for resale or redistribution.

Thank you for supporting an indie creator.",5.99,USD,999,"printable,digital download,instant download,pdf download,planner,journal,digital art,printable planner,minimalist,pdf,digital,aesthetic,download","PDF,digital,printable",Printable Planner,made_to_order,automatic,i_did,false,C:\Users\hdh02\Desktop\cheonmyeongdang\departments\etsy\cover_generated\bird-watching-journal.png,,,,,,,,,,,KDP-BIRD-WATCHING-JOURNAL,,Digital,download,Craft Supplies & Tools > Patterns & How To > Patterns,C:\Users\hdh02\Desktop\cheonmyeongdang\departments\ebook\projects\bird-watching-journal\bird_watching_journal.pdf
"Blood Pressure Log Book: Daily Blood Pressure Recording Journal with Morning & Evening Readings, Pulse Rate Tracker, Weekly Averages","Blood Pressure Log Book: Daily Blood Pressure Recording Journal with Morning & Evening Readings, Pulse Rate Tracker, Weekly Averages

---

INSTANT DOWNLOAD
After purchase, you'll receive a downloadable PDF immediately.

FORMAT
- High-quality printable PDF
- US Letter (8.5 x 11) and A4 friendly
- Print at home, at any print shop, or use digitally

REFUND POLICY
Digital downloads are non-refundable due to their instant nature. If you have any issues, message me and I'll make it right.

COPYRIGHT
For personal use only. Not for resale or redistribution.

Thank you for supporting an indie creator.",6.99,USD,999,"hypertension diary,printable,digital download,instant download,pdf download,planner,journal,digital art,printable planner,minimalist,pdf,digital,aesthetic","PDF,digital,printable",Printable Planner,made_to_order,automatic,i_did,false,C:\Users\hdh02\Desktop\cheonmyeongdang\departments\ebook\projects\blood-pressure-log\cover.pdf,,,,,,,,,,,KDP-BLOOD-PRESSURE-LOG,,Digital,download,Craft Supplies & Tools > Patterns & How To > Patterns,C:\Users\hdh02\Desktop\cheonmyeongdang\departments\ebook\projects\blood-pressure-log\blood_pressure_log.pdf
"Diabetic Blood Sugar Log Book: Daily Glucose Monitoring Diary with Before & After Meal Tracking, Insulin Dose Log, Exercise Record & Weekly","Diabetic Blood Sugar Log Book: Daily Glucose Monitoring Diary with Before & After Meal Tracking, Insulin Dose Log, Exercise Record & Weekly

---

INSTANT DOWNLOAD
After purchase, you'll receive a downloadable PDF immediately.

FORMAT
- High-quality printable PDF
- US Letter (8.5 x 11) and A4 friendly
- Print at home, at any print shop, or use digitally

REFUND POLICY
Digital downloads are non-refundable due to their instant nature. If you have any issues, message me and I'll make it right.

COPYRIGHT
For personal use only. Not for resale or redistribution.

Thank you for supporting an indie creator.",7.99,USD,999,"blood sugar log book,diabetic journal,glucose tracker,insulin log book,a1c tracker diabetes,printable,digital download,instant download,pdf download,planner,journal,digital art,printable planner","PDF,digital,printable",Printable Planner,made_to_order,automatic,i_did,false,C:\Users\hdh02\Desktop\cheonmyeongdang\departments\ebook\projects\blood-sugar-tracker\cover.pdf,,,,,,,,,,,KDP-BLOOD-SUGAR-TRACKER,,Digital,download,Craft Supplies & Tools > Patterns & How To > Patterns,C:\Users\hdh02\Desktop\cheonmyeongdang\departments\ebook\projects\blood-sugar-tracker\blood_sugar_tracker.pdf
"Bold and Easy Coloring Book: Animals - 50 Simple Large Print Designs with Thick Lines for Adults, Seniors & Beginners","Bold and Easy Coloring Book: Animals - 50 Simple Large Print Designs with Thick Lines for Adults, Seniors & Beginners

---

INSTANT DOWNLOAD
After purchase, you'll receive a downloadable PDF immediately.

FORMAT
- High-quality printable PDF
- US Letter (8.5 x 11) and A4 friendly
- Print at home, at any print shop, or use digitally

REFUND POLICY
Digital downloads are non-refundable due to their instant nature. If you have any issues, message me and I'll make it right.

COPYRIGHT
For personal use only. Not for resale or redistribution.

Thank you for supporting an indie creator.",7.99,USD,999,"printable,digital download,instant download,pdf download,planner,journal,digital art,printable planner,minimalist,pdf,digital,aesthetic,download","PDF,digital,printable",Printable Art,made_to_order,automatic,i_did,false,C:\Users\hdh02\Desktop\cheonmyeongdang\departments\ebook\projects\bold-easy-coloring-animals\cover.pdf,,,,,,,,,,,KDP-BOLD-EASY-COLORING-ANIMALS,,Digital,download,Craft Supplies & Tools > Patterns & How To > Patterns,C:\Users\hdh02\Desktop\cheonmyeongdang\departments\ebook\projects\bold-easy-coloring-animals\bold_easy_coloring_animals.pdf
"Budget Planner for Couples: Monthly Financial Organizer with Joint & Individual Expense Tracking, Savings Goals & Debt Payoff Tracker","Budget Planner for Couples: Monthly Financial Organizer with Joint & Individual Expense Tracking, Savings Goals & Debt Payoff Tracker

---

INSTANT DOWNLOAD
After purchase, you'll receive a downloadable PDF immediately.

FORMAT
- High-quality printable PDF
- US Letter (8.5 x 11) and A4 friendly
- Print at home, at any print shop, or use digitally

REFUND POLICY
Digital downloads are non-refundable due to their instant nature. If you have any issues, message me and I'll make it right.

COPYRIGHT
For personal use only. Not for resale or redistribution.

Thank you for supporting an indie creator.",11.99,USD,999,"joint budget book,printable,digital download,instant download,pdf download,planner,journal,digital art,printable planner,minimalist,pdf,digital,aesthetic","PDF,digital,printable",Printable Planner,made_to_order,automatic,i_did,false,C:\Users\hdh02\Desktop\cheonmyeongdang\departments\ebook\projects\budget-planner-couples\cover.pdf,,,,,,,,,,,KDP-BUDGET-PLANNER-COUPLES,,Digital,download,Craft Supplies & Tools > Patterns & How To > Patterns,C:\Users\hdh02\Desktop\cheonmyeongdang\departments\ebook\projects\budget-planner-couples\budget_planner_couples.pdf
Caregiver Daily Log Book: Essential Care Tracker for Family Caregivers,"<p><strong>Stay organized and provide the best care possible with this comprehensive Caregiver Daily Log Book.</strong></p>

<p>Caring for a loved one is one of the most meaningful — and challenging — roles a person can take on. Whether you're supporting an aging parent, a spouse with a chronic illness, or a family member recovering from surgery, staying organized is the key to providing consistent, high-quality care.</p>

<p><strong>This 112-page log book gives you a clear, easy-to-use system for every aspect of caregiving:</strong></p>

<ul>
<li><strong>Daily Care Log Pages</strong> — Track vitals (blood pressure, heart rate, blood sugar, temperature, O2), meals, fluid intake, medications given, mood, behavior, pain levels, and daily notes</li>
<li><strong>Weekly Summary Pages</strong> — Review health trends, record doctor-worthy concerns, and set goals for the week ahead</li>
<li><strong>Medication List</strong> — Maintain a master list of all medications, dosages, frequency, purpose, and prescribing doctor</li>
<li><strong>Appointment Log</strong> — Never miss a follow-up with a dedicated tracker for dates, providers, and outcomes</li>
<li><strong>Emergency Contacts Page</strong> — Keep all critical numbers and contacts in one easily accessible place</li>
<li><strong>Care Recipient Info Page</strong> — Store key personal, medical, and insurance information</li>
</ul>

<p><strong>Why caregivers love this log book:</strong></p>
<ul>
<li>Spot health changes early before they become serious</li>
<li>Communicate clearly with doctors and specialists</li>
<li>Seamlessly hand off care duties to other family members</li>
<li>Reduce stress and mental overload with structured documentation</li>
<li>Create a reliable medical history for your loved one</li>
</ul>

<p><strong>Book Details:</strong></p>
<ul>
<li>Size: 8.5 x 11 inches (large, easy-to-read format)</li>
<li>112 pages</li>
<li>Matte softcover</li>
<li>Clean, professional layout with sage green accents</li>
</ul>

<p>Perfect for family caregivers, home health aides, adult children caring for elderly parents, and professional caregivers supporting patients at home.</p>

<p><em>Order multiple copies to cover an entire year of caregiving records.</em></p>

---

INSTANT DOWNLOAD
After purchase, you'll receive a downloadable PDF immediately.

FORMAT
- High-quality printable PDF
- US Letter (8.5 x 11) and A4 friendly
- Print at home, at any print shop, or use digitally

REFUND POLICY
Digital downloads are non-refundable due to their instant nature. If you have any issues, message me and I'll make it right.

COPYRIGHT
For personal use only. Not for resale or redistribution.

Thank you for supporting an indie creator.",8.99,USD,999,"home health aide log,printable,digital download,instant download,pdf download,planner,journal,digital art,printable planner,minimalist,pdf,digital,aesthetic","PDF,digital,printable",Printable Planner,made_to_order,automatic,i_did,false,C:\Users\hdh02\Desktop\cheonmyeongdang\departments\ebook\projects\caregiver-daily-log\cover.pdf,,,,,,,,,,,KDP-CAREGIVER-DAILY-LOG,,Digital,download,Craft Supplies & Tools > Patterns & How To > Patterns,C:\Users\hdh02\Desktop\cheonmyeongdang\departments\ebook\projects\caregiver-daily-log\caregiver_daily_log.pdf
"Cottagecore Aesthetic Coloring Book: 50 Whimsical Designs of Flowers, Gardens, Tea Parties, Cats & Cozy Country Life","Cottagecore Aesthetic Coloring Book: 50 Whimsical Designs of Flowers, Gardens, Tea Parties, Cats & Cozy Country Life

---

INSTANT DOWNLOAD
After purchase, you'll receive a downloadable PDF immediately.

FORMAT
- High-quality printable PDF
- US Letter (8.5 x 11) and A4 friendly
- Print at home, at any print shop, or use digitally

REFUND POLICY
Digital downloads are non-refundable due to their instant nature. If you have any issues, message me and I'll make it right.

COPYRIGHT
For personal use only. Not for resale or redistribution.

Thank you for supporting an indie creator.",8.99,USD,999,"flower coloring book,cozy coloring book,printable,digital download,instant download,pdf download,planner,journal,digital art,printable planner,minimalist,pdf,digital","PDF,digital,printable",Printable Art,made_to_order,automatic,i_did,false,C:\Users\hdh02\Desktop\cheonmyeongdang\departments\ebook\projects\cottagecore-coloring\cover.pdf,,,,,,,,,,,KDP-COTTAGECORE-COLORING,,Digital,download,Craft Supplies & Tools > Patterns & How To > Patterns,C:\Users\hdh02\Desktop\cheonmyeongdang\departments\ebook\projects\cottagecore-coloring\cottagecore_coloring.pdf
Dog Health & Training Log,"<p><strong>Keep your dog's entire health and training journey in one organized place.</strong></p>

<p>Whether you have a new puppy or a senior companion, this <strong>120+ page log book</strong> helps you track everything that matters — from vet appointments and vaccine schedules to daily walks and training milestones.</p>

<p><strong>What's Inside:</strong></p>
<ul>
  <li>📋 <strong>Dog Profile Page</strong> — name, breed, microchip, emergency contacts, food notes</li>
  <li>🏥 <strong>20 Vet Visit Records</strong> — date, diagnosis, treatment, follow-up</li>
  <li>💉 <strong>Vaccination & Preventive Care Log</strong> — track all vaccines and booster dates</li>
  <li>💊 <strong>Medication Log</strong> (6 pages) — dosage, frequency, start/end dates</li>
  <li>⚖️ <strong>Weight Tracker</strong> (2 years) — monitor health with body condition scoring</li>
  <li>🎓 <strong>Training Progress Log</strong> (12 pages) — commands, stages, mastery dates</li>
  <li>✂️ <strong>Grooming Log</strong> (10 pages) — bath, brush, nails, ears, teeth, haircut</li>
  <li>🐾 <strong>Daily Walk & Activity Log</strong> (52 pages) — a full year of daily exercise tracking</li>
  <li>🚨 <strong>Incident & Injury Log</strong> — record accidents and unusual behavior</li>
  <li>📝 <strong>Notes Pages</strong> (12 pages) — extra space for anything else</li>
</ul>

<p><strong>Perfect for:</strong> New dog owners, pet sitters, veterinary clients, multi-dog households</p>
<p><strong>Great as a gift</strong> for anyone who just got a new puppy or rescue dog!</p>

<p>6"" x 9"" format — easy to carry to vet appointments. Matte cover. Printed in the USA.</p>

---

INSTANT DOWNLOAD
After purchase, you'll receive a downloadable PDF immediately.

FORMAT
- High-quality printable PDF
- US Letter (8.5 x 11) and A4 friendly
- Print at home, at any print shop, or use digitally

REFUND POLICY
Digital downloads are non-refundable due to their instant nature. If you have any issues, message me and I'll make it right.

COPYRIGHT
For personal use only. Not for resale or redistribution.

Thank you for supporting an indie creator.",9.99,USD,999,"dog health log book,printable,digital download,instant download,pdf download,planner,journal,digital art,printable planner,minimalist,pdf,digital,aesthetic","PDF,digital,printable",Printable Planner,made_to_order,automatic,i_did,false,C:\Users\hdh02\Desktop\cheonmyeongdang\departments\ebook\projects\dog-health-training-log\cover.pdf,,,,,,,,,,,KDP-DOG-HEALTH-TRAINING-LOG,,Digital,download,Craft Supplies & Tools > Patterns & How To > Patterns,C:\Users\hdh02\Desktop\cheonmyeongdang\departments\ebook\projects\dog-health-training-log\dog_health_training_log.pdf
"Dot Marker Activity Book for Toddlers Ages 2-5: 50 Fun Dab & Dot Coloring Pages with Circles, Patterns & Shapes","Dot Marker Activity Book for Toddlers Ages 2-5: 50 Fun Dab & Dot Coloring Pages with Circles, Patterns & Shapes

---

INSTANT DOWNLOAD
After purchase, you'll receive a downloadable PDF immediately.

FORMAT
- High-quality printable PDF
- US Letter (8.5 x 11) and A4 friendly
- Print at home, at any print shop, or use digitally

REFUND POLICY
Digital downloads are non-refundable due to their instant nature. If you have any issues, message me and I'll make it right.

COPYRIGHT
For personal use only. Not for resale or redistribution.

Thank you for supporting an indie creator.",7.99,USD,999,"dab marker coloring,printable,digital download,instant download,pdf download,planner,journal,digital art,printable planner,minimalist,pdf,digital,aesthetic","PDF,digital,printable",Printable Art,made_to_order,automatic,i_did,false,C:\Users\hdh02\Desktop\cheonmyeongdang\departments\ebook\projects\dot-marker-kids\cover.png,,,,,,,,,,,KDP-DOT-MARKER-KIDS,,Digital,download,Craft Supplies & Tools > Patterns & How To > Patterns,C:\Users\hdh02\Desktop\cheonmyeongdang\departments\ebook\projects\dot-marker-kids\dot_marker_kids.pdf
Fishing Log Book: The Ultimate Angler's Journal,"**Never Forget a Great Catch Again**

Whether you're a weekend angler or a serious fishing enthusiast, this comprehensive Fishing Log Book is designed to help you record every detail of your fishing adventures — so you can learn from each trip and consistently catch more fish.

**Inside Each of the 100 Trip Log Pages:**
- Date, time, and precise location details
- Weather conditions and water temperature
- Water clarity and body type
- Complete gear tracking (rod, reel, line, bait/lure, hook size, technique)
- Catch record table (species, length, weight, time, catch & release)
- Notes and observations section
- Trip rating and personal best tracker

**Also Includes:**
- Welcome & How to Use guide
- My Angler Profile page (personal info & goals)
- Pro fishing tips for better results
- Trophy Catches summary table for personal records
- 100 structured trip log pages — enough for years of fishing

**Why Anglers Love Keeping a Fishing Journal:**
Experienced fishermen know that patterns repeat. The bait that worked last October in the same lake will likely work again. The water temperature when you caught your personal best matters. Keeping records turns luck into skill.

**Perfect Gift For:**
- Fishing enthusiasts
- Fathers, grandfathers, and sons who love fishing
- Bass, trout, salmon, catfish, and saltwater anglers
- Fly fishing fans
- Anyone who wants to improve their fishing success

6"" x 9"" paperback | 120 pages | Navy blue cover with professional design

---

INSTANT DOWNLOAD
After purchase, you'll receive a downloadable PDF immediately.

FORMAT
- High-quality printable PDF
- US Letter (8.5 x 11) and A4 friendly
- Print at home, at any print shop, or use digitally

REFUND POLICY
Digital downloads are non-refundable due to their instant nature. If you have any issues, message me and I'll make it right.

COPYRIGHT
For personal use only. Not for resale or redistribution.

Thank you for supporting an indie creator.",7.99,USD,999,"fishing log book,printable,digital download,instant download,pdf download,planner,journal,digital art,printable planner,minimalist,pdf,digital,aesthetic","PDF,digital,printable",Printable Planner,made_to_order,automatic,i_did,false,C:\Users\hdh02\Desktop\cheonmyeongdang\departments\ebook\projects\fishing-log-book\cover.pdf,,,,,,,,,,,KDP-FISHING-LOG-BOOK,,Digital,download,Craft Supplies & Tools > Patterns & How To > Patterns,C:\Users\hdh02\Desktop\cheonmyeongdang\departments\ebook\projects\fishing-log-book\fishing_log_book.pdf
"Gen Z Stress Management Workbook: 30-Day Guided Journal for Anxiety, Social Media Detox & Mental Clarity","Gen Z Stress Management Workbook: 30-Day Guided Journal for Anxiety, Social Media Detox & Mental Clarity

---

INSTANT DOWNLOAD
After purchase, you'll receive a downloadable PDF immediately.

FORMAT
- High-quality printable PDF
- US Letter (8.5 x 11) and A4 friendly
- Print at home, at any print shop, or use digitally

REFUND POLICY
Digital downloads are non-refundable due to their instant nature. If you have any issues, message me and I'll make it right.

COPYRIGHT
For personal use only. Not for resale or redistribution.

Thank you for supporting an indie creator.",11.99,USD,999,"overthinking journal,printable,digital download,instant download,pdf download,planner,journal,digital art,printable planner,minimalist,pdf,digital,aesthetic","PDF,digital,printable",Digital Download,made_to_order,automatic,i_did,false,C:\Users\hdh02\Desktop\cheonmyeongdang\departments\ebook\projects\genz-stress\cover.pdf,,,,,,,,,,,KDP-GENZ-STRESS,,Digital,download,Craft Supplies & Tools > Patterns & How To > Patterns,C:\Users\hdh02\Desktop\cheonmyeongdang\departments\ebook\projects\genz-stress\genz_stress.pdf
Grief Journal for the Loss of a Parent,"**The world is louder for everyone else now. Quieter for you.**

Losing a parent is the loss most people will live through and the loss most people are most alone in. The cards stop arriving. The casserole dishes go home. And then a Tuesday in February arrives and you cannot make it to the front door.

This guided journal sits with you on those Tuesdays. It is not a 12-step program. It is not a ""moving on"" playbook. It is a place - structured by someone who knows that grief is not a problem to be solved.

**INSIDE THIS JOURNAL**

**THEIR STORY** - memorial pages
- About my mother / father - name, voice, hands, laugh
- Who they were - what they loved, their faith, their hardest year
- Two photo placeholder pages with prompts (""when I look at this photo..."")

**FIRST WEEK** - seven longer entries for the rawest days
- Day One - the first day without them
- Day Two - the people who showed up (and who didn't)
- Day Three - their empty place
- Day Four - the story of their last day
- Day Five - how my body is taking it
- Day Six - their voice in my head
- Day Seven - closing the first week

**60 DAILY CHECK-INS** - a 5-minute rhythm for the hardest two months
- Heaviness scale (1-10) - one word for today
- ""I missed them most when...""
- Something that helped (or did not)
- One small thing for tomorrow

**WEEKLY REFLECTIONS** every ~10 days - to surface progress you cannot feel.

**MILESTONE PAGES** at 1 Month, 3 Months, 6 Months, and 1 Year - the longer reflections that honor where you are. Letters to them, letters to your Day-One self, the ""firsts"" you have carried.

**FIVE LETTER PAGES** - direct space to write to them. Dear ____________________.

**MEMORIAL LISTS**
- Ten Things They Taught Me
- Ten Memories I Never Want to Lose
- Their Sayings, Their Phrases
- Five Traits I Hope I Inherited

**THE STAGES OF GRIEF** - including David Kessler's sixth stage, *Meaning* - so you know nothing you feel is wrong.

**SUPPORT RESOURCES** - 988 Lifeline, SAMHSA, GriefShare, Modern Loss, The Dinner Party, and the books that have helped many readers (Megan Devine, Joan Didion, Hope Edelman).

**WHO THIS IS FOR**
- Adults grieving the recent death of a mother or father
- Adult children whose parent died years ago and the grief has resurfaced
- Sympathy gift for a friend, sibling, or coworker after a parent's passing
- Those navigating anticipatory grief during a parent's terminal illness

**FORMAT**
- 6 x 9 in - fits in a nightstand drawer or a handbag
- ~67 pages, soft cover, print-on-demand
- Photo placeholder boxes - tape or paste your own pictures inside
- Margins designed for left- and right-handed writers

**A NOTE ON LOVE**
The grief is the size of the love. It does not shrink. You learn to grow around it - and one day you find you have built a larger life because of who they were.

**You don't have to be ready. You only have to open the page.**

---

---

INSTANT DOWNLOAD
After purchase, you'll receive a downloadable PDF immediately.

FORMAT
- High-quality printable PDF
- US Letter (8.5 x 11) and A4 friendly
- Print at home, at any print shop, or use digitally

REFUND POLICY
Digital downloads are non-refundable due to their instant nature. If you have any issues, message me and I'll make it right.

COPYRIGHT
For personal use only. Not for resale or redistribution.

Thank you for supporting an indie creator.",5.99,USD,999,"grief workbook adult,printable,digital download,instant download,pdf download,planner,journal,digital art,printable planner,minimalist,pdf,digital,aesthetic","PDF,digital,printable",Printable Planner,made_to_order,automatic,i_did,false,C:\Users\hdh02\Desktop\cheonmyeongdang\departments\ebook\projects\grief-journal-loss-of-parent\cover.pdf,,,,,,,,,,,KDP-GRIEF-JOURNAL-LOSS-OF-PARENT,,Digital,download,Craft Supplies & Tools > Patterns & How To > Patterns,C:\Users\hdh02\Desktop\cheonmyeongdang\departments\ebook\projects\grief-journal-loss-of-parent\grief_journal_loss_of_parent.pdf
"Confidence Building for Introverts: 20 Strategies to Speak Up, Stand Out & Thrive Without Changing Who You Are","Confidence Building for Introverts: 20 Strategies to Speak Up, Stand Out & Thrive Without Changing Who You Are

---

INSTANT DOWNLOAD
After purchase, you'll receive a downloadable PDF immediately.

FORMAT
- High-quality printable PDF
- US Letter (8.5 x 11) and A4 friendly
- Print at home, at any print shop, or use digitally

REFUND POLICY
Digital downloads are non-refundable due to their instant nature. If you have any issues, message me and I'll make it right.

COPYRIGHT
For personal use only. Not for resale or redistribution.

Thank you for supporting an indie creator.",14.99,USD,999,"introvert self help,introvert workplace,introvert leadership,printable,digital download,instant download,pdf download,planner,journal,digital art,printable planner,minimalist,pdf","PDF,digital,printable",Digital Download,made_to_order,automatic,i_did,false,C:\Users\hdh02\Desktop\cheonmyeongdang\departments\ebook\projects\introvert-confidence\cover.pdf,,,,,,,,,,,KDP-INTROVERT-CONFIDENCE,,Digital,download,Craft Supplies & Tools > Patterns & How To > Patterns,C:\Users\hdh02\Desktop\cheonmyeongdang\departments\ebook\projects\introvert-confidence\introvert_confidence.pdf
Math Workbook for 1st Graders: 100+ Pages of Addition and Subtraction Practice with Numbers 1-20  -  Answer Key Included,"Math Workbook for 1st Graders: 100+ Pages of Addition and Subtraction Practice with Numbers 1-20  -  Answer Key Included

---

INSTANT DOWNLOAD
After purchase, you'll receive a downloadable PDF immediately.

FORMAT
- High-quality printable PDF
- US Letter (8.5 x 11) and A4 friendly
- Print at home, at any print shop, or use digitally

REFUND POLICY
Digital downloads are non-refundable due to their instant nature. If you have any issues, message me and I'll make it right.

COPYRIGHT
For personal use only. Not for resale or redistribution.

Thank you for supporting an indie creator.",6.99,USD,999,"first grade math,printable,digital download,instant download,pdf download,planner,journal,digital art,printable planner,minimalist,pdf,digital,aesthetic","PDF,digital,printable",Kids Printable,made_to_order,automatic,i_did,false,C:\Users\hdh02\Desktop\cheonmyeongdang\departments\ebook\projects\math-workbook-grade1\cover.pdf,,,,,,,,,,,KDP-MATH-WORKBOOK-GRADE1,,Digital,download,Craft Supplies & Tools > Patterns & How To > Patterns,C:\Users\hdh02\Desktop\cheonmyeongdang\departments\ebook\projects\math-workbook-grade1\math_workbook_grade1.pdf
"Weekly Meal Prep Planner: 52-Week Food Planning Journal with Grocery Lists, Macro Tracking & Recipe Notes for Healthy Eating","Weekly Meal Prep Planner: 52-Week Food Planning Journal with Grocery Lists, Macro Tracking & Recipe Notes for Healthy Eating

---

INSTANT DOWNLOAD
After purchase, you'll receive a downloadable PDF immediately.

FORMAT
- High-quality printable PDF
- US Letter (8.5 x 11) and A4 friendly
- Print at home, at any print shop, or use digitally

REFUND POLICY
Digital downloads are non-refundable due to their instant nature. If you have any issues, message me and I'll make it right.

COPYRIGHT
For personal use only. Not for resale or redistribution.

Thank you for supporting an indie creator.",9.99,USD,999,"meal prep planner,food planning book,grocery list planner,meal prep journal,printable,digital download,instant download,pdf download,planner,journal,digital art,printable planner,minimalist","PDF,digital,printable",Printable Planner,made_to_order,automatic,i_did,false,C:\Users\hdh02\Desktop\cheonmyeongdang\departments\ebook\projects\meal-prep-planner\cover.pdf,,,,,,,,,,,KDP-MEAL-PREP-PLANNER,,Digital,download,Craft Supplies & Tools > Patterns & How To > Patterns,C:\Users\hdh02\Desktop\cheonmyeongdang\departments\ebook\projects\meal-prep-planner\meal_prep_planner.pdf
"30-Day Mental Reset Journal: Daily Guided Prompts for Emotional Clarity, Gratitude & Inner Peace","Feeling overwhelmed? Stuck in a mental loop? This journal gives you 30 days of carefully crafted prompts to help you reset, reflect, and reconnect with yourself.

No complicated systems. No toxic positivity. Just honest, gentle questions that help you process what you're feeling.

WHAT'S INSIDE:
★ 30 Daily Prompts — each with a unique theme (Release, Gratitude, Courage, Boundaries, Joy...)
★ Morning Mood Check — track how you feel before writing
★ ""Letting Go"" Section — name one thing to release each day
★ Daily Gratitude Line — end every entry on a positive note
★ 4 Weekly Reflections — spot patterns, celebrate progress
★ 10 Free Write Pages — for when you just need to let it out
★ No-Pressure Approach — even 3 words count

THEMES COVERED:
• Emotional awareness • Setting boundaries • Self-forgiveness
• Gratitude • Body connection • Fear & courage
• Relationships • Vision & purpose • Joy & contentment

PERFECT FOR:
✓ Anyone going through a tough season
✓ People recovering from burnout
✓ Therapy companions (great between sessions)
✓ Morning or evening journaling practice
✓ Gift for someone who needs a reset

BOOK DETAILS:
• Size: 8.5 x 11 inches
• Pages: 47
• Undated — start anytime
• Calming earth-tone design

---

INSTANT DOWNLOAD
After purchase, you'll receive a downloadable PDF immediately.

FORMAT
- High-quality printable PDF
- US Letter (8.5 x 11) and A4 friendly
- Print at home, at any print shop, or use digitally

REFUND POLICY
Digital downloads are non-refundable due to their instant nature. If you have any issues, message me and I'll make it right.

COPYRIGHT
For personal use only. Not for resale or redistribution.

Thank you for supporting an indie creator.",9.99,USD,999,"mental reset journal,self care journal,mindfulness journal,printable,digital download,instant download,pdf download,planner,journal,digital art,printable planner,minimalist,pdf","PDF,digital,printable",Printable Planner,made_to_order,automatic,i_did,false,C:\Users\hdh02\Desktop\cheonmyeongdang\departments\ebook\projects\mental-reset-journal\cover_verify.png,,,,,,,,,,,KDP-MENTAL-RESET-JOURNAL,,Digital,download,Craft Supplies & Tools > Patterns & How To > Patterns,C:\Users\hdh02\Desktop\cheonmyeongdang\departments\ebook\projects\mental-reset-journal\mental_reset_journal.pdf
"Migraine & Headache Tracker: 13-Week Daily Journal for Pain, Triggers, Medication & Hormones with Neurologist Visit Prep Pages","Most patients walk into a neurologist's office trying to remember the last three months from memory. This 13-week tracker fixes that.

Each daily page captures peak pain (0-10), type and location, aura, associated symptoms (nausea, photophobia, allodynia), triggers (food, sleep, hormonal, weather, stress), rescue medication taken, and what actually relieved the attack. Weekly Reviews surface trends with a daily pain chart. Monthly Neurologist Visit Prep pages turn three months of data into a focused conversation with your doctor.

What's inside:
- 13 weeks of daily attack logs (0-10 severity scale, headache type, location, aura)
- 13 weekly review pages with daily pain trend graph
- 3 Neurologist Visit Prep sheets (top triggers, medication response, questions to ask, plan)
- Quick-reference trigger guide (food/drink, sleep, hormonal, environment, weather, stress, physical, medical)
- Preventive & rescue medication log with medication-overuse headache (MOH) alert
- Personal info, headache history, primary diagnosis, allergies

Designed for chronic migraine sufferers, tension headache patients, cluster headache fighters, and anyone whose neurologist asked them to ""keep a headache diary."" Identify triggers most patients miss. Walk into your next appointment with receipts.

---

INSTANT DOWNLOAD
After purchase, you'll receive a downloadable PDF immediately.

FORMAT
- High-quality printable PDF
- US Letter (8.5 x 11) and A4 friendly
- Print at home, at any print shop, or use digitally

REFUND POLICY
Digital downloads are non-refundable due to their instant nature. If you have any issues, message me and I'll make it right.

COPYRIGHT
For personal use only. Not for resale or redistribution.

Thank you for supporting an indie creator.",8.99,USD,999,"printable,digital download,instant download,pdf download,planner,journal,digital art,printable planner,minimalist,pdf,digital,aesthetic,download","PDF,digital,printable",Printable Planner,made_to_order,automatic,i_did,false,C:\Users\hdh02\Desktop\cheonmyeongdang\departments\ebook\projects\migraine-headache-tracker\cover.pdf,,,,,,,,,,,KDP-MIGRAINE-HEADACHE-TRACKER,,Digital,download,Craft Supplies & Tools > Patterns & How To > Patterns,C:\Users\hdh02\Desktop\cheonmyeongdang\departments\ebook\projects\migraine-headache-tracker\migraine_headache_tracker.pdf
Mileage Log Book for Taxes,"**Track Every Mile. Maximize Every Deduction.**

If you drive for work, this Mileage Log Book is the simplest way to keep an IRS-compliant record of your business miles — and turn them into one of the biggest tax deductions you can claim. At the 2026 standard mileage rate, every 1,000 business miles can mean hundreds of dollars back at tax time. But only if you have the records to prove it.

This 105-page logbook is built for drivers who need clean, organized, contemporaneous records — without complicated apps, monthly subscriptions, or technology that fails when you need it most.

**Perfect for:**
- Self-employed professionals filing Schedule C
- Rideshare drivers (Uber, Lyft, Bolt)
- Delivery drivers (DoorDash, Uber Eats, Instacart, Grubhub, Amazon Flex)
- Real estate agents, realtors, and brokers
- Small business owners and freelancers
- Sales reps and field service technicians
- Independent contractors and consultants
- Caregivers and home health aides
- Anyone who claims a vehicle deduction on their tax return

**What's Inside:**
- Vehicle & owner information page (make, model, VIN, plate, insurance)
- Annual mileage summary with built-in tax deduction calculator
- 12 monthly summary pages with starting/ending odometer, business vs. personal miles, fuel and maintenance totals
- 84 detailed trip log pages — over 1,800 trip entries with Date, Start Odometer, End Odometer, Total Miles, Destination, Business Purpose, and Business / Personal flag
- 4 vehicle expense log sections for fuel, maintenance, tolls, parking, insurance, and repairs
- Year-end tax checklist and IRS resource list (Pub 463, Schedule C, Form 2106)
- Clear instructions explaining what counts as business mileage

**Why This Logbook Works:**
- Large 8.5 x 11 size — write big, write fast, no squinting
- Glove-box friendly and built to last a full tax year
- IRS-aligned record keeping (date, miles, destination, purpose)
- No batteries, no apps, no privacy worries
- Stands up in an audit — handwritten contemporaneous logs are still the gold standard

Stop guessing your mileage. Stop losing deductions. Grab this logbook, drop it in your glove box, and start tracking the miles that put money back in your pocket.

---

INSTANT DOWNLOAD
After purchase, you'll receive a downloadable PDF immediately.

FORMAT
- High-quality printable PDF
- US Letter (8.5 x 11) and A4 friendly
- Print at home, at any print shop, or use digitally

REFUND POLICY
Digital downloads are non-refundable due to their instant nature. If you have any issues, message me and I'll make it right.

COPYRIGHT
For personal use only. Not for resale or redistribution.

Thank you for supporting an indie creator.",5.99,USD,999,"printable,digital download,instant download,pdf download,planner,journal,digital art,printable planner,minimalist,pdf,digital,aesthetic,download","PDF,digital,printable",Printable Planner,made_to_order,automatic,i_did,false,C:\Users\hdh02\Desktop\cheonmyeongdang\departments\etsy\cover_generated\mileage-log-book.png,,,,,,,,,,,KDP-MILEAGE-LOG-BOOK,,Digital,download,Craft Supplies & Tools > Patterns & How To > Patterns,C:\Users\hdh02\Desktop\cheonmyeongdang\departments\ebook\projects\mileage-log-book\mileage_log_book.pdf
Mileage Log Book for Self-Employed & Rideshare Drivers,"**Stop leaving thousands of dollars on the table at tax time.**

If you drive for Uber, Lyft, DoorDash, Instacart, Amazon Flex, or you're a self-employed contractor, this mileage log book is the documentation tool the IRS expects you to keep. Rideshare apps only show your **on-trip miles** — but the IRS allows you to deduct **all business-related driving**, including the miles between rides, the drive to your first pickup, parking searches, and the trip home from your last drop-off. With the 2026 standard mileage rate, every untracked mile costs you real dollars in your refund.

This 6""×9"" paperback gives you everything you need to capture every deductible mile, contemporaneously, the way the IRS Publication 463 actually requires.

---

INSTANT DOWNLOAD
After purchase, you'll receive a downloadable PDF immediately.

FORMAT
- High-quality printable PDF
- US Letter (8.5 x 11) and A4 friendly
- Print at home, at any print shop, or use digitally

REFUND POLICY
Digital downloads are non-refundable due to their instant nature. If you have any issues, message me and I'll make it right.

COPYRIGHT
For personal use only. Not for resale or redistribution.

Thank you for supporting an indie creator.",5.99,USD,999,"printable,digital download,instant download,pdf download,planner,journal,digital art,printable planner,minimalist,pdf,digital,aesthetic,download","PDF,digital,printable",Printable Planner,made_to_order,automatic,i_did,false,C:\Users\hdh02\Desktop\cheonmyeongdang\departments\etsy\cover_generated\mileage-log-rideshare.png,,,,,,,,,,,KDP-MILEAGE-LOG-RIDESHARE,,Digital,download,Craft Supplies & Tools > Patterns & How To > Patterns,C:\Users\hdh02\Desktop\cheonmyeongdang\departments\ebook\projects\mileage-log-rideshare\mileage_log_rideshare.pdf
Password Logbook: Internet Password Organizer with Alphabetical Tabs  -  Large Print  -  120+ Pages,"Are you tired of forgetting your passwords? This Password Logbook is the simplest way to keep all your online accounts organized and secure.

WHAT'S INSIDE:
★ Alphabetical A-Z tabs for quick lookup
★ 120+ pages with room for hundreds of accounts
★ Large print format — easy on the eyes
★ Space for Website, URL, Username, Password, Email & Notes
★ Clean, professional layout
★ Additional notes pages at the back

PERFECT FOR:
• Seniors who prefer pen & paper over digital tools
• Anyone juggling multiple online accounts
• A thoughtful gift for parents and grandparents
• Small business owners tracking work accounts

BOOK DETAILS:
• Size: 8.5 x 11 inches (US Letter)
• Pages: 120+
• Paper: White
• Cover: Matte finish

Keep your digital life organized the old-fashioned way. No batteries required!

⚠ SECURITY TIP: Store this book in a safe, private location. Never share it with anyone you don't trust.

---

INSTANT DOWNLOAD
After purchase, you'll receive a downloadable PDF immediately.

FORMAT
- High-quality printable PDF
- US Letter (8.5 x 11) and A4 friendly
- Print at home, at any print shop, or use digitally

REFUND POLICY
Digital downloads are non-refundable due to their instant nature. If you have any issues, message me and I'll make it right.

COPYRIGHT
For personal use only. Not for resale or redistribution.

Thank you for supporting an indie creator.",6.99,USD,999,"printable,digital download,instant download,pdf download,planner,journal,digital art,printable planner,minimalist,pdf,digital,aesthetic,download","PDF,digital,printable",Printable Planner,made_to_order,automatic,i_did,false,C:\Users\hdh02\Desktop\cheonmyeongdang\departments\ebook\projects\password-logbook\cover.pdf,,,,,,,,,,,KDP-PASSWORD-LOGBOOK,,Digital,download,Craft Supplies & Tools > Patterns & How To > Patterns,C:\Users\hdh02\Desktop\cheonmyeongdang\departments\ebook\projects\password-logbook\password_logbook.pdf
Password Logbook Premium: Extra Large Print Edition for Seniors  -  Internet Password Organizer with A-Z Tabs,"Password Logbook Premium: Extra Large Print Edition for Seniors  -  Internet Password Organizer with A-Z Tabs

---

INSTANT DOWNLOAD
After purchase, you'll receive a downloadable PDF immediately.

FORMAT
- High-quality printable PDF
- US Letter (8.5 x 11) and A4 friendly
- Print at home, at any print shop, or use digitally

REFUND POLICY
Digital downloads are non-refundable due to their instant nature. If you have any issues, message me and I'll make it right.

COPYRIGHT
For personal use only. Not for resale or redistribution.

Thank you for supporting an indie creator.",8.99,USD,999,"printable,digital download,instant download,pdf download,planner,journal,digital art,printable planner,minimalist,pdf,digital,aesthetic,download","PDF,digital,printable",Printable Planner,made_to_order,automatic,i_did,false,C:\Users\hdh02\Desktop\cheonmyeongdang\departments\ebook\projects\password-logbook-premium\cover_verify.png,,,,,,,,,,,KDP-PASSWORD-LOGBOOK-PREMIUM,,Digital,download,Craft Supplies & Tools > Patterns & How To > Patterns,C:\Users\hdh02\Desktop\cheonmyeongdang\departments\ebook\projects\password-logbook-premium\password_logbook_premium.pdf
Postpartum Pelvic Floor Recovery Journal: 12-Week Daily Tracker for New Moms,"Most postpartum care ends at the 6-week visit — but pelvic floor recovery doesn't. This 12-week daily journal is built for the fourth trimester, the months when leakage, prolapse heaviness, and perineal or C-section pain are most plastic — and most often dismissed.

Each daily page captures Kegel sets (long holds + quick flicks), leakage episodes, urge symptoms, prolapse heaviness, perineum / incision pain, sleep, mood, and movement. Weekly Reviews surface trends. Four Pelvic Floor PT Visit Prep pages turn three months of data into a clear conversation with your PT — most postpartum patients in the U.S. never get a referral, and showing up with data is how you change that.

What's inside:
- 12 weeks of daily symptom logs (0-5 severity scale, 8 core symptoms)
- Daily Kegel log: long holds, quick flicks, how it felt
- 12 weekly review pages with leakage trend graph
- 4 Pelvic Floor PT Visit Prep sheets (top symptoms, return-to-activity goals, questions, home program)
- Recovery milestones reference (week 1-2, 3-6, 6-week check-up, 7-12, beyond)
- Kegel & symptom guide (leakage types, prolapse sensations, pain locations, red flags)
- Baseline assessment (Day 1) + 12-week checkpoint
- Personal info, OB, PT, lactation consultant, and medication log

Designed for new moms after vaginal birth, C-section, or VBAC who want a real recovery, not a guesswork one — and who want to walk into their next pelvic-floor PT appointment prepared.

---

INSTANT DOWNLOAD
After purchase, you'll receive a downloadable PDF immediately.

FORMAT
- High-quality printable PDF
- US Letter (8.5 x 11) and A4 friendly
- Print at home, at any print shop, or use digitally

REFUND POLICY
Digital downloads are non-refundable due to their instant nature. If you have any issues, message me and I'll make it right.

COPYRIGHT
For personal use only. Not for resale or redistribution.

Thank you for supporting an indie creator.",11.99,USD,999,"printable,digital download,instant download,pdf download,planner,journal,digital art,printable planner,minimalist,pdf,digital,aesthetic,download","PDF,digital,printable",Printable Planner,made_to_order,automatic,i_did,false,C:\Users\hdh02\Desktop\cheonmyeongdang\departments\etsy\cover_generated\pelvic-floor-recovery-journal.png,,,,,,,,,,,KDP-PELVIC-FLOOR-RECOVERY-JOURNAL,,Digital,download,Craft Supplies & Tools > Patterns & How To > Patterns,C:\Users\hdh02\Desktop\cheonmyeongdang\departments\ebook\projects\pelvic-floor-recovery-journal\pelvic_floor_recovery_journal.pdf
"Perimenopause Symptom Tracker: 14-Week Daily Journal for Hot Flashes, Mood, Sleep, Cycle & HRT with Doctor Visit Prep Pages","Perimenopause symptoms can shift week to week — and most women walk into doctor's appointments trying to remember the last three months from memory. This 14-week tracker fixes that.

Each daily page captures hot flash count, sleep, mood, energy, brain fog, joint pain, cycle changes, HRT and supplement doses, and possible triggers. Weekly Reviews surface trends. Monthly Doctor Visit Prep pages turn three months of data into a clear conversation with your gynecologist.

What's inside:
- 14 weeks of daily symptom logs (0-5 severity scale, 10 core symptoms)
- 14 weekly review pages with hot flash trend graph
- 3 Doctor Visit Prep sheets (top symptoms, questions to ask, plan)
- Quick-reference symptom guide (vasomotor, sleep, mood, cognitive, cycle, body, skin & hair, genitourinary, energy)
- HRT & supplement log with dose / route / start date
- Personal info & medical history page

Designed for women in perimenopause (typically 35-55) who want real data, not guesswork — and who want to walk into their next appointment prepared.

---

INSTANT DOWNLOAD
After purchase, you'll receive a downloadable PDF immediately.

FORMAT
- High-quality printable PDF
- US Letter (8.5 x 11) and A4 friendly
- Print at home, at any print shop, or use digitally

REFUND POLICY
Digital downloads are non-refundable due to their instant nature. If you have any issues, message me and I'll make it right.

COPYRIGHT
For personal use only. Not for resale or redistribution.

Thank you for supporting an indie creator.",8.99,USD,999,"hrt tracker journal,hot flash diary,printable,digital download,instant download,pdf download,planner,journal,digital art,printable planner,minimalist,pdf,digital","PDF,digital,printable",Printable Planner,made_to_order,automatic,i_did,false,C:\Users\hdh02\Desktop\cheonmyeongdang\departments\ebook\projects\perimenopause-symptom-tracker\cover.pdf,,,,,,,,,,,KDP-PERIMENOPAUSE-SYMPTOM-TRACKER,,Digital,download,Craft Supplies & Tools > Patterns & How To > Patterns,C:\Users\hdh02\Desktop\cheonmyeongdang\departments\ebook\projects\perimenopause-symptom-tracker\perimenopause_symptom_tracker.pdf
Pet Loss Memorial Journal,"**For the empty bowl. The silent house. The leash you can't put away yet.**

When you lose a pet, the world is louder for everyone else and quieter for you. This guided memorial journal sits beside you through the rawest days, then walks with you across the long arc of healing - while making a permanent, beautiful place for who they were.

This is not a ""12-step"" book. There is no schedule, no judgement, no platitudes. There is only space designed by someone who knows what 2am of pet grief feels like.

**INSIDE THIS JOURNAL**

**THEIR STORY** (memorial pages, fillable)
- About my best friend - name, breed, markings, the look in their eyes
- How we found each other
- Who they were - quirks, sounds, things they loved and hated
- Photo memorial pages with prompts (""their best day"", ""just their eyes"")

**FIRST WEEK PAGES** (7 longer entries)
- The first day without them
- Their empty space at home
- How my body is taking it
- The story of our last day
- Who has shown up - and who hasn't
- Their voice in my head
- Closing the first week

**60 DAILY GRIEF CHECK-INS** (3-5 minutes each)
- Heaviness scale (1-10)
- One word for today
- ""I missed them most when...""
- Something that helped today
- A memory I want to keep
- One small thing for tomorrow

**WEEKLY REFLECTIONS** every 10 days to surface progress you can't feel.

**MILESTONE PAGES** at One Month, Three Months, Six Months, and One Year - the longer reflections that honor where you are.

**LETTER PAGES** - direct space to write to them. As many times as you need to.

**MEMORIAL LISTS** - ""Ten memories I never want to lose"" + ""Their daily rituals"" - protect the details from time.

**THE STAGES OF PET GRIEF** - a brief, compassionate explanation of denial, guilt, anger, sadness, and meaning - so you know none of what you're feeling is wrong.

**SUPPORT RESOURCES** - ASPCA Pet Loss Hotline, Cornell Pet Loss Line, Lap of Love, 988 Crisis Line, and trusted books on pet grief.

**WHO THIS IS FOR**
- Anyone who recently lost a dog, cat, rabbit, or other companion animal
- Children and teens grieving a family pet (the prompts are gentle enough)
- Sympathy gift for a friend or family member after a pet's passing
- Those still grieving years later who need a place to put it

**FORMAT**
- 6 x 9 inches - fits in a nightstand drawer
- ~95 pages, soft cover, print-on-demand
- Photo placeholder boxes - tape or paste your own pictures inside

**A NOTE ON LOVE**
The grief is the size of the love. You are not ""too sensitive"" or ""too attached."" You are a human who loved an animal completely - and that is the highest thing a heart can do.

**You don't have to be ready. You only have to open the page.**

---

---

INSTANT DOWNLOAD
After purchase, you'll receive a downloadable PDF immediately.

FORMAT
- High-quality printable PDF
- US Letter (8.5 x 11) and A4 friendly
- Print at home, at any print shop, or use digitally

REFUND POLICY
Digital downloads are non-refundable due to their instant nature. If you have any issues, message me and I'll make it right.

COPYRIGHT
For personal use only. Not for resale or redistribution.

Thank you for supporting an indie creator.",5.99,USD,999,"pet loss journal,dog memorial book,cat memorial journal,pet grief workbook,pet sympathy gift,printable,digital download,instant download,pdf download,planner,journal,digital art,printable planner","PDF,digital,printable",Printable Planner,made_to_order,automatic,i_did,false,C:\Users\hdh02\Desktop\cheonmyeongdang\departments\ebook\projects\pet-loss-memorial-journal\cover.pdf,,,,,,,,,,,KDP-PET-LOSS-MEMORIAL-JOURNAL,,Digital,download,Craft Supplies & Tools > Patterns & How To > Patterns,C:\Users\hdh02\Desktop\cheonmyeongdang\departments\ebook\projects\pet-loss-memorial-journal\pet_loss_memorial_journal.pdf
"Sleep Improvement Planner: 90-Night Tracker with Sleep Hygiene Guide, Wind-Down Checklists & Dream Journal","Can't sleep? You're not alone. 1 in 3 adults don't get enough sleep.

This planner helps you figure out WHY — with 90 nights of simple tracking that reveals your personal sleep patterns.

Not another ""just meditate"" book. This is DATA-DRIVEN sleep improvement.

WHAT YOU TRACK EACH NIGHT:
★ Bedtime & Wake Time — see your actual schedule
★ Hours Slept & Time to Fall Asleep — hard numbers
★ Night Wakings — frequency tracking
★ Sleep Quality Rating — subjective feel
★ Morning Energy Level — how you actually feel
★ What Helped / What Hurt — find YOUR triggers
★ Pre-Sleep Checklist — build better habits
★ Dream Journal — optional, for the curious

ALSO INCLUDES:
• Sleep Hygiene Essentials Guide — 8 science-backed tips
• 13 Weekly Sleep Reviews — spot patterns week by week
• Pre-Sleep Routine Checklist — no caffeine, no screens, cool room
• Space to experiment and find what works for YOU

WHY THIS WORKS:
Most people guess why they can't sleep. This planner replaces guessing with evidence. After 2-3 weeks, you'll see exactly what helps YOUR sleep — and what destroys it.

PERFECT FOR:
✓ Insomnia sufferers wanting to find patterns
✓ People trying to fix their sleep schedule
✓ Anyone curious about their sleep quality
✓ Shift workers tracking irregular sleep
✓ Gift for someone who ""never sleeps well""

SPECS:
• Size: 8.5 x 11 inches
• Pages: 105
• 90-night tracker (3 months)
• Matte cover

---

INSTANT DOWNLOAD
After purchase, you'll receive a downloadable PDF immediately.

FORMAT
- High-quality printable PDF
- US Letter (8.5 x 11) and A4 friendly
- Print at home, at any print shop, or use digitally

REFUND POLICY
Digital downloads are non-refundable due to their instant nature. If you have any issues, message me and I'll make it right.

COPYRIGHT
For personal use only. Not for resale or redistribution.

Thank you for supporting an indie creator.",9.99,USD,999,"insomnia journal,sleep hygiene guide,sleep log book,better sleep planner,printable,digital download,instant download,pdf download,planner,journal,digital art,printable planner,minimalist","PDF,digital,printable",Printable Planner,made_to_order,automatic,i_did,false,C:\Users\hdh02\Desktop\cheonmyeongdang\departments\ebook\projects\sleep-planner\cover_preview.png,,,,,,,,,,,KDP-SLEEP-PLANNER,,Digital,download,Craft Supplies & Tools > Patterns & How To > Patterns,C:\Users\hdh02\Desktop\cheonmyeongdang\departments\ebook\projects\sleep-planner\sleep_planner.pdf
Sobriety Journal,"**Ninety days. One small page a day. The recovery companion that opens to help you in the hardest moments.**

If you're 1 day, 30 days, or 6 months into your decision to quit, this 90-day journal walks beside you. Three to five minutes a day. No willpower lectures. No 12-step doctrine forced on you. Just a structured place to put down what you're carrying so it stops carrying you.

**INSIDE EACH DAILY PAGE**
- Mood, sleep, and craving intensity (0-10) in 10 seconds
- Today's intention - one line that points the day
- Three gratitudes - the practice that rewires the brain
- Triggers and urges today
- What I did instead of using
- Who I reached out to + meeting attended
- One small win
- Evening reflection space

**WEEKLY CHECK-INS** surface patterns - which days were hardest, what helped, what to change next week. This is how you turn 90 days into data instead of a blur.

**MILESTONE REFLECTIONS** at Day 30, Day 60, and Day 90 capture the real transformation - the shifts you'll forget if you don't write them down.

**EMERGENCY PLAN** in the back - 7 evidence-based steps to ride out a craving without using. Read it out loud when you need to. Includes SAMHSA's 24/7 helpline (1-800-662-HELP), AA, SMART Recovery, and 988 Crisis Line.

**SLIP LOG (NO SHAME)** - because relapse is data, not a verdict. A place to learn from what happened so it doesn't repeat.

**SUPPORT TEAM DIRECTORY** - your people, your numbers, in one place you can find at 2am.

**WHO THIS IS FOR**
- Anyone choosing recovery from alcohol or drugs
- People in AA, SMART Recovery, or going it alone
- The ""California Sober"" or ""Sober Curious"" exploring 90 days
- Friends and family supporting someone in early recovery (gift)

**FORMAT**
- 6x9 inches - fits in a bag, slips into a backpack
- 114 pages, matte cover, print-on-demand
- Designed for daily use, not display

**A NOTE ON SAFETY**
This is a self-help journal, not medical advice. If you are physically dependent on alcohol or benzodiazepines, withdrawal can be life-threatening. Talk to a doctor or call SAMHSA before you stop drinking abruptly.

**Day 1 is brave. Buy the book today.**

---

---

INSTANT DOWNLOAD
After purchase, you'll receive a downloadable PDF immediately.

FORMAT
- High-quality printable PDF
- US Letter (8.5 x 11) and A4 friendly
- Print at home, at any print shop, or use digitally

REFUND POLICY
Digital downloads are non-refundable due to their instant nature. If you have any issues, message me and I'll make it right.

COPYRIGHT
For personal use only. Not for resale or redistribution.

Thank you for supporting an indie creator.",5.99,USD,999,"sobriety journal,printable,digital download,instant download,pdf download,planner,journal,digital art,printable planner,minimalist,pdf,digital,aesthetic","PDF,digital,printable",Printable Planner,made_to_order,automatic,i_did,false,C:\Users\hdh02\Desktop\cheonmyeongdang\departments\ebook\projects\sobriety-90-day-journal\cover.pdf,,,,,,,,,,,KDP-SOBRIETY-90-DAY-JOURNAL,,Digital,download,Craft Supplies & Tools > Patterns & How To > Patterns,C:\Users\hdh02\Desktop\cheonmyeongdang\departments\ebook\projects\sobriety-90-day-journal\sobriety_90_day_journal.pdf
Sourdough Baking Journal: From Starter to Perfect Loaf,"**Bake Better Bread by Writing It Down**

Great sourdough isn't luck — it's a record. The bake that came out perfect last Tuesday? You can repeat it, but only if you wrote down the hydration, the dough temp, the bulk time, and what the crumb looked like. This **Sourdough Baking Journal** is built to capture every detail that matters, so your starter rewards you with consistently better loaves.

**Inside Each of the 100 Bake Log Pages:**
- Recipe & ingredients table (flour blend, weights, baker's percentages, water, starter, salt)
- Conditions block (total hydration %, starter hydration %, levain ratio, room/dough/oven temp)
- Full bake timeline (Levain Build, Mix/Fold, Bulk Ferment, Cold Proof, Bake) with start/end/duration
- Result & crumb scorecard (crust, crumb, rise, taste)
- Star rating + ""will I bake again?"" decision

**Also Includes:**
- Welcome & how-to-use guide written for real home bakers
- My Baker Profile page (starter name, birthdate, oven, goal loaf)
- Quick tips section — float test, dough temp, scoring, internal bread temp
- **Baker's Percentage Cheat Sheet** for 10 loaf styles (Country, Classic, Open-Crumb, High-Hydration, Whole Wheat, Rye, Focaccia, Sandwich, Baguette, Pizza)
- **Starter Maintenance Log** — 6 tracker pages, 108 feed slots
- **My Recipe Library** — 8 pages, 16 saved recipe cards for your winners
- 119 total pages — enough to take you from your first loaf to your hundredth

**Why Bakers Love a Journal:**
After ten loaves, patterns emerge. After fifty, you bake on instinct. The bakers in r/sourdough, in pro bakeries, and on every serious bread blog all keep notes — because flour shifts with the season, your kitchen swings 10°F between months, and your starter changes character after every refresh. Without records, you're starting over each weekend. With this journal, you're building a craft.

**Perfect Gift For:**
- Sourdough beginners and seasoned bakers
- Anyone who got a starter and is afraid to kill it
- Home cooks moving from no-knead to artisan loaves
- Bread-baking class students
- Holiday gift for the friend who won't stop talking about hydration percentages

6"" x 9"" paperback | 119 pages | Warm brown + wheat cover with rustic design

---

INSTANT DOWNLOAD
After purchase, you'll receive a downloadable PDF immediately.

FORMAT
- High-quality printable PDF
- US Letter (8.5 x 11) and A4 friendly
- Print at home, at any print shop, or use digitally

REFUND POLICY
Digital downloads are non-refundable due to their instant nature. If you have any issues, message me and I'll make it right.

COPYRIGHT
For personal use only. Not for resale or redistribution.

Thank you for supporting an indie creator.",7.99,USD,999,"printable,digital download,instant download,pdf download,planner,journal,digital art,printable planner,minimalist,pdf,digital,aesthetic,download","PDF,digital,printable",Printable Planner,made_to_order,automatic,i_did,false,C:\Users\hdh02\Desktop\cheonmyeongdang\departments\etsy\cover_generated\sourdough-baking-journal.png,,,,,,,,,,,KDP-SOURDOUGH-BAKING-JOURNAL,,Digital,download,Craft Supplies & Tools > Patterns & How To > Patterns,C:\Users\hdh02\Desktop\cheonmyeongdang\departments\ebook\projects\sourdough-baking-journal\sourdough_baking_journal.pdf
Spot the Difference for Seniors: 50 Large Print Puzzles for Brain Training & Cognitive Exercise,"Spot the Difference for Seniors: 50 Large Print Puzzles for Brain Training & Cognitive Exercise

---

INSTANT DOWNLOAD
After purchase, you'll receive a downloadable PDF immediately.

FORMAT
- High-quality printable PDF
- US Letter (8.5 x 11) and A4 friendly
- Print at home, at any print shop, or use digitally

REFUND POLICY
Digital downloads are non-refundable due to their instant nature. If you have any issues, message me and I'll make it right.

COPYRIGHT
For personal use only. Not for resale or redistribution.

Thank you for supporting an indie creator.",8.99,USD,999,"senior activity book,memory games seniors,printable,digital download,instant download,pdf download,planner,journal,digital art,printable planner,minimalist,pdf,digital","PDF,digital,printable",Printable Art,made_to_order,automatic,i_did,false,C:\Users\hdh02\Desktop\cheonmyeongdang\departments\ebook\projects\spot-difference-seniors\cover.pdf,,,,,,,,,,,KDP-SPOT-DIFFERENCE-SENIORS,,Digital,download,Craft Supplies & Tools > Patterns & How To > Patterns,C:\Users\hdh02\Desktop\cheonmyeongdang\departments\ebook\projects\spot-difference-seniors\spot_difference_seniors.pdf
"Yoga Progress Journal: Daily Practice Log with Pose Checklist, Flexibility Tracker, 30-Day Challenge & Meditation Notes","Yoga Progress Journal: Daily Practice Log with Pose Checklist, Flexibility Tracker, 30-Day Challenge & Meditation Notes

---

INSTANT DOWNLOAD
After purchase, you'll receive a downloadable PDF immediately.

FORMAT
- High-quality printable PDF
- US Letter (8.5 x 11) and A4 friendly
- Print at home, at any print shop, or use digitally

REFUND POLICY
Digital downloads are non-refundable due to their instant nature. If you have any issues, message me and I'll make it right.

COPYRIGHT
For personal use only. Not for resale or redistribution.

Thank you for supporting an indie creator.",9.99,USD,999,"yoga journal,yoga practice log,yoga diary,yoga pose checklist,meditation journal,printable,digital download,instant download,pdf download,planner,journal,digital art,printable planner","PDF,digital,printable",Printable Planner,made_to_order,automatic,i_did,false,C:\Users\hdh02\Desktop\cheonmyeongdang\departments\ebook\projects\yoga-progress-journal\cover.pdf,,,,,,,,,,,KDP-YOGA-PROGRESS-JOURNAL,,Digital,download,Craft Supplies & Tools > Patterns & How To > Patterns,C:\Users\hdh02\Desktop\cheonmyeongdang\departments\ebook\projects\yoga-progress-journal\yoga_progress_journal.pdf
Zodiac Mandala Coloring Book: 50 Astrology-Inspired Geometric Patterns for All 12 Star Signs with Relaxing Symmetrical Designs,"Zodiac Mandala Coloring Book: 50 Astrology-Inspired Geometric Patterns for All 12 Star Signs with Relaxing Symmetrical Designs

---

INSTANT DOWNLOAD
After purchase, you'll receive a downloadable PDF immediately.

FORMAT
- High-quality printable PDF
- US Letter (8.5 x 11) and A4 friendly
- Print at home, at any print shop, or use digitally

REFUND POLICY
Digital downloads are non-refundable due to their instant nature. If you have any issues, message me and I'll make it right.

COPYRIGHT
For personal use only. Not for resale or redistribution.

Thank you for supporting an indie creator.",8.99,USD,999,"zodiac coloring book,printable,digital download,instant download,pdf download,planner,journal,digital art,printable planner,minimalist,pdf,digital,aesthetic","PDF,digital,printable",Printable Art,made_to_order,automatic,i_did,false,C:\Users\hdh02\Desktop\cheonmyeongdang\departments\ebook\projects\zodiac-mandala-coloring\cover.pdf,,,,,,,,,,,KDP-ZODIAC-MANDALA-COLORING,,Digital,download,Craft Supplies & Tools > Patterns & How To > Patterns,C:\Users\hdh02\Desktop\cheonmyeongdang\departments\ebook\projects\zodiac-mandala-coloring\zodiac_mandala_coloring.pdf
AI Prompt Library 200 - 200 Production-Ready ChatGPT and Claude Prompts for Notion,"# AI Prompt Library 200 — The Complete ChatGPT & Claude Prompt Pack for Notion

Stop wasting hours wrestling with blank chat boxes. **AI Prompt Library 200** is a battle-tested Notion template loaded with **200 production-ready prompts** organized into **10 categories of 20 prompts each**, so you can copy, paste, and ship faster — every single day.

Whether you write marketing copy at 9 a.m., review pull requests at 2 p.m., or brainstorm product names at midnight, you will find a sharp prompt waiting for you. Every prompt is structured with clear role framing, explicit context placeholders, output specifications, and tone guidance, so the AI gives you usable answers on the first try instead of generic mush.

## What you get

- 200 hand-crafted prompts across 10 high-leverage categories
- 20 marketing copy prompts (landing pages, ads, email subject lines)
- 20 email writing prompts (cold outreach, replies, follow-ups, escalations)
- 20 social media prompts (X threads, LinkedIn posts, Instagram captions)
- 20 code review prompts (security, performance, refactor, naming)
- 20 learning prompts (explain like I'm 5, Feynman drills, flashcards)
- 20 productivity prompts (planning, prioritization, weekly review)
- 20 brainstorming prompts (lateral thinking, SCAMPER, opposite world)
- 20 sales prompts (discovery, objection handling, proposal writing)
- 20 customer support prompts (refund replies, angry users, escalation)
- 20 data analysis prompts (SQL drafting, dashboard logic, insight summary)

## Why this template (vs. generic alternatives)

Most prompt libraries on the internet are one-line wishes (""write me a tweet about X""). This pack is different: every prompt uses the proven **Role + Context + Task + Constraints + Output Format** structure. Each prompt fills out all five fields, leaving you only the placeholders that depend on your specific situation. The library also includes a tagging system so you can filter by use case, model strength, and effort level inside Notion.

## Format

- Notion-ready markdown import (drag and drop, no plugins)
- Works with ChatGPT, Claude, Gemini, Mistral, and any LLM
- Compatible with desktop, mobile, and web Notion
- Single workspace import, table view enabled

## Refund policy

Not happy? Email me within **7 days** of purchase for a full refund — no questions asked, no forms, no friction.

## AI disclosure

Prompts in this template were initially drafted by a human, refined with AI assistance, then manually reviewed and edited for clarity, structure, and real-world utility. Every prompt has been tested in at least one major LLM. See `AI_DISCLOSURE.md` for full details.


---

INSTANT DOWNLOAD
After purchase, you'll receive a Notion-ready markdown file you can drag-and-drop into your workspace.

WORKS WITH
- Notion (Free + Paid)
- ChatGPT, Claude, Gemini, Mistral
- Desktop, Mobile, Web

REFUND POLICY
7-day money-back guarantee.

Thank you for supporting an indie creator.",12.00,USD,999,"notion template,ai prompts,chatgpt prompts,claude prompts,productivity,marketing,copywriting,prompt engineering,knowledge worker,digital download,printable,instant download,pdf download","Notion,template,digital",Notion Template,made_to_order,automatic,i_did,false,D:\notion_templates_2026_05_global_v2\_covers\ai-prompt-library-200.jpg,,,,,,,,,,,NOTION-AI-PROMPT-LIBRARY-200,,Digital,download,Paper & Party Supplies > Paper > Stationery > Planners & Calendars,D:\notion_templates_2026_05_global_v2\_zips\ai-prompt-library-200.zip
Freelancer Client Toolkit - Notion Template for Solo Freelancers and Consultants,"# Freelancer Client Toolkit — The Notion Operating System for Solo Operators and Boutique Agencies

Stop running your freelance business out of seven browser tabs and a Google Sheet from 2019. The **Freelancer Client Toolkit** is a fully wired Notion workspace that gives you a single source of truth for every client, project, invoice, contract, and time log — so you can quote faster, deliver cleaner, and get paid on time without chasing.

Built for solo designers, developers, copywriters, marketers, consultants, and small SaaS service teams. Used inside one Notion workspace, the toolkit replaces a tangle of Trello boards, spreadsheets, sticky notes, and ""where did I put that PDF"" moments.

## What you get

- A unified Client tracker with status, value, and last-touch fields
- Invoice template with line items, tax, due-date logic, and payment tracking
- Project pipeline (Kanban + table views) with stage gating
- Contract checklist covering scope, payment, IP, termination, indemnity
- Time log with rate, billable / non-billable toggle, and weekly rollup
- Scope creep guard with formal change-request workflow
- Discovery-call note template (pain, decision criteria, budget, timeline)
- Onboarding checklist (welcome packet, payment terms, comms cadence)
- End-of-engagement handoff template (deliverables, credentials, post-mortem)
- Annual revenue and utilization dashboard

## Why this template (vs. generic alternatives)

Most freelancer Notion templates are pretty wallpaper — three databases linked together, no actual workflow. This toolkit is built from real boutique-agency operations: every database has the relations and rollups already wired, every template has the prompts a busy operator actually needs, and the scope-creep guard alone has saved early users from dozens of unpaid revisions. You will not find time logs that auto-roll into invoices in any free template.

## Format

- Notion-ready markdown import (drag and drop)
- Compatible with Notion Free, Plus, Business, and Enterprise
- Works on desktop, web, and mobile
- No third-party integrations required to start

## Refund policy

If the toolkit is not a clear fit for your workflow, email me within **7 days** of purchase and I will refund you in full. No forms, no follow-ups, no friction.

## AI disclosure

This template was drafted by a human operator with prior boutique-agency experience, refined with AI assistance for naming consistency and prompt clarity, then manually reviewed for fitness in real-world freelance workflows. See `AI_DISCLOSURE.md` for full details.


---

INSTANT DOWNLOAD
After purchase, you'll receive a Notion-ready markdown file you can drag-and-drop into your workspace.

WORKS WITH
- Notion (Free + Paid)
- ChatGPT, Claude, Gemini, Mistral
- Desktop, Mobile, Web

REFUND POLICY
7-day money-back guarantee.

Thank you for supporting an indie creator.",15.00,USD,999,"notion template,freelancer,client management,invoice template,project management,agency tools,consultant,contract template,time tracking,digital download,printable,instant download,pdf download","Notion,template,digital",Notion Template,made_to_order,automatic,i_did,false,D:\notion_templates_2026_05_global_v2\_covers\freelancer-client-toolkit.jpg,,,,,,,,,,,NOTION-FREELANCER-CLIENT-TOOLKIT,,Digital,download,Paper & Party Supplies > Paper > Stationery > Planners & Calendars,D:\notion_templates_2026_05_global_v2\_zips\freelancer-client-toolkit.zip
Habit Tracker 365 - Daily Habit Notion Template with Streak Tracking,"# Habit Tracker 365 — A Year-Long Notion System for Real Behavior Change

Most habit trackers fall apart by week three. **Habit Tracker 365** is built differently: it is a year-long, calendar-grade Notion system that combines a daily check-off grid, weekly review prompts, streak tracking, month-end retrospectives, and a 21-day challenge launcher — so the habits you start in January are still alive in December.

This is not a one-screen aesthetic toy. It is a behavior-design system grounded in proven principles: small wins, visible streaks, scheduled reflection, and short challenges to bootstrap momentum. Whether you are building a fitness routine, a writing practice, or a sleep schedule, the template gives the structure that makes consistency boring (in the best way).

## What you get

- A 365-day grid view to mark every habit, every day, in seconds
- Up to 10 simultaneous habit columns with custom icons and colors
- Weekly review template with five evidence-based reflection prompts
- Streak counter with current streak, longest streak, and reset history
- Month-end retrospective for pattern detection and habit pruning
- 21-day challenge launcher to bootstrap any new habit
- Identity-based habit framing (be the kind of person who...)
- Habit stacking worksheet (anchor + new behavior + reward)
- Mobile-friendly daily check-in view
- Year-in-review dashboard for reflection on December 31

## Why this template (vs. generic alternatives)

Most habit templates are a static checkbox grid. This one is a system. The streak counter, the weekly review, and the month-end retrospective work together: the grid surfaces the data, the weekly review interprets it, and the retrospective decides what stays. That feedback loop is the difference between tracking a habit and actually changing your behavior.

## Format

- Notion-ready markdown import (drag and drop, no plugins)
- Works on desktop, web, and mobile Notion
- No third-party integrations required
- Compatible with all Notion plans

## Refund policy

Try the system for **7 days**. If it does not click with how you actually live, email me for a full refund — no questions asked.

## AI disclosure

This template was designed by a human author drawing on behavior-design literature and personal habit-coaching experience. AI was used to refine prompt wording and ensure structural consistency. A human editor reviewed every prompt and metric. See `AI_DISCLOSURE.md` for full details.


---

INSTANT DOWNLOAD
After purchase, you'll receive a Notion-ready markdown file you can drag-and-drop into your workspace.

WORKS WITH
- Notion (Free + Paid)
- ChatGPT, Claude, Gemini, Mistral
- Desktop, Mobile, Web

REFUND POLICY
7-day money-back guarantee.

Thank you for supporting an indie creator.",7.00,USD,999,"notion template,habit tracker,year planner,productivity,self improvement,behavior change,daily journal,streak tracker,wellness,digital download,printable,instant download,pdf download","Notion,template,digital",Notion Template,made_to_order,automatic,i_did,false,D:\notion_templates_2026_05_global_v2\_covers\habit-tracker-365.jpg,,,,,,,,,,,NOTION-HABIT-TRACKER-365,,Digital,download,Paper & Party Supplies > Paper > Stationery > Planners & Calendars,D:\notion_templates_2026_05_global_v2\_zips\habit-tracker-365.zip
Budget and Net Worth Tracker - Personal Finance Notion Template,"# Budget & Net Worth Tracker — A Calm, Honest Money Dashboard for Notion

Money anxiety is mostly fog. **Budget & Net Worth Tracker** is a Notion template that clears the fog with five wired-together dashboards: a monthly budget, a net worth tracker, an emergency fund tracker, an investment log, and a debt payoff plan. One workspace, one source of truth, ten minutes a week.

This is not a complex spreadsheet that demands a finance degree. It is a calm, plain-language system designed for normal people who want to stop guessing where their money goes — and start watching their net worth quietly climb, month after month.

## What you get

- A monthly budget template with income, fixed costs, variable costs, and savings
- A net worth tracker with assets, liabilities, and a 12-month trend
- Emergency fund progress bar with target months of expenses
- Investment log for stocks, ETFs, index funds, and other holdings
- Debt payoff dashboard with snowball and avalanche method support
- Cash flow summary with savings rate as a single headline number
- Subscription audit page to find leaking spend
- Annual review template for taxes-aware planning
- Plain-language category guide so you do not need an accountant
- Currency-agnostic (works in any currency you use)

## Why this template (vs. generic alternatives)

Most personal finance templates either drown you in 200 categories or oversimplify into uselessness. This one is opinionated: 12 spending categories that cover real life, one savings rate to track as your North Star, and three time horizons (monthly, quarterly, yearly) that match how money actually flows. The net worth tracker uses the simple formula your grandparents would understand — assets minus liabilities — and shows you the trend that matters.

## Format

- Notion-ready markdown import (drag and drop, no plugins)
- Works in any currency
- Mobile, desktop, and web compatible
- No third-party bank integrations required (manual entry by design, for privacy)

## Refund policy

If the template does not fit your money life, email me within **7 days** for a full refund. No forms, no questions.

## AI disclosure

This template was drafted by a human author with personal-finance and bookkeeping experience, refined with AI assistance for tone and clarity, and human-edited line-by-line. The template provides general personal-finance education only and is not professional financial advice. See `AI_DISCLOSURE.md` for full details.


---

INSTANT DOWNLOAD
After purchase, you'll receive a Notion-ready markdown file you can drag-and-drop into your workspace.

WORKS WITH
- Notion (Free + Paid)
- ChatGPT, Claude, Gemini, Mistral
- Desktop, Mobile, Web

REFUND POLICY
7-day money-back guarantee.

Thank you for supporting an indie creator.",9.00,USD,999,"notion template,budget tracker,net worth,personal finance,debt payoff,emergency fund,investment log,financial planning,money management,digital download,printable,instant download,pdf download","Notion,template,digital",Notion Template,made_to_order,automatic,i_did,false,D:\notion_templates_2026_05_global_v2\_covers\budget-net-worth-tracker.jpg,,,,,,,,,,,NOTION-BUDGET-NET-WORTH-TRACKER,,Digital,download,Paper & Party Supplies > Paper > Stationery > Planners & Calendars,D:\notion_templates_2026_05_global_v2\_zips\budget-net-worth-tracker.zip
Weekly Aesthetic Planner - Minimalist Notion Weekly Planning Template,"# Weekly Aesthetic Planner — A Beautiful, Focused Notion Planner with Pomodoro and Theme Weeks

A planner you actually want to open. **Weekly Aesthetic Planner** is a Notion template that combines a clean weekly layout, a Pomodoro four-block focus system, a priority matrix, theme weeks, and reflection prompts — wrapped in two visual variants (minimalist and boho) so it matches your taste, not someone else's.

The planner is built around one operator's belief: that **planning is a creative act**, not a chore. The aesthetic is calm, the structure is sharp, and every section earns its place. No clutter, no buzzwords, no ten-step morning routine you will never follow.

## What you get

- A clean weekly planner layout with day, top tasks, and one-line intentions
- Pomodoro four-block focus system (4 deep blocks per day)
- Priority matrix (urgent / important quadrants) for weekly triage
- Reflection prompts at the start and end of every week
- Theme weeks system (give every week a single guiding theme)
- Two visual variants: minimalist (white space, sans-serif) and boho (warm neutrals)
- Daily one-line journal field
- Three-week look-ahead view
- Habits sidebar for the 3 to 5 you are protecting
- Mobile-friendly daily view for on-the-go planning

## Why this template (vs. generic alternatives)

Most aesthetic planners are pretty but useless once the week gets messy. This one survives messy weeks because it is opinionated: only the top 3 tasks per day, only 4 deep blocks, only one theme per week. The constraints are the feature. The visuals are calm because they exist to support the work, not perform on Instagram.

## Format

- Notion-ready markdown import (drag and drop, no plugins)
- Two visual variants included (minimalist and boho)
- Works on desktop, web, and mobile Notion
- No third-party integrations required

## Refund policy

If the planner does not fit your week, email me within **7 days** of purchase for a full refund. No forms, no friction.

## AI disclosure

This template was designed by a human author drawing on years of personal planning experimentation. AI was used to refine wording and ensure structural consistency. A human editor reviewed every prompt, layout, and field before shipping. See `AI_DISCLOSURE.md` for full details.


---

INSTANT DOWNLOAD
After purchase, you'll receive a Notion-ready markdown file you can drag-and-drop into your workspace.

WORKS WITH
- Notion (Free + Paid)
- ChatGPT, Claude, Gemini, Mistral
- Desktop, Mobile, Web

REFUND POLICY
7-day money-back guarantee.

Thank you for supporting an indie creator.",6.00,USD,999,"notion template,weekly planner,pomodoro,productivity,aesthetic,minimalist,boho,daily planner,time blocking,digital download,printable,instant download,pdf download","Notion,template,digital",Notion Template,made_to_order,automatic,i_did,false,D:\notion_templates_2026_05_global_v2\_covers\weekly-aesthetic-planner.jpg,,,,,,,,,,,NOTION-WEEKLY-AESTHETIC-PLANNER,,Digital,download,Paper & Party Supplies > Paper > Stationery > Planners & Calendars,D:\notion_templates_2026_05_global_v2\_zips\weekly-aesthetic-planner.zip
"Notion Operator Bundle - 5 Templates for Knowledge Work, Money, and Life - 30% Off","Five battle-tested Notion templates in one bundle: AI Prompt Library 200, Freelancer Client Toolkit, Habit Tracker 365, Budget and Net Worth Tracker, and Weekly Aesthetic Planner. Save 30% versus buying separately.

WHAT YOU GET
- AI Prompt Library 200 (200 prompts across 10 categories)
- Freelancer Client Toolkit (proposals, invoicing, CRM)
- Habit Tracker 365 (daily habit tracking with streaks)
- Budget and Net Worth Tracker (personal finance dashboard)
- Weekly Aesthetic Planner (minimalist weekly planning)

INSTANT DOWNLOAD
After purchase, you'll receive 5 Notion-ready files plus a quickstart guide.

WORKS WITH
Notion (Free and Paid). Desktop, Mobile, Web.

REFUND POLICY
7-day money-back guarantee.

Thank you for supporting an indie creator.",35.00,USD,999,"notion bundle,notion template,productivity,ai prompts,habit tracker,budget tracker,freelancer,planner,digital download,knowledge work,instant download,notion pack,template bundle","Notion,template,bundle",Notion Template,made_to_order,automatic,i_did,false,D:\notion_templates_2026_05_global_v2\_covers\BUNDLE_global.jpg,,,,,,,,,,,NOTION-BUNDLE-5PACK,,Digital,download,Paper & Party Supplies > Paper > Stationery > Planners & Calendars,D:\notion_templates_2026_05_global_v2\_zips\KUNSTUDIO_GLOBAL_BUNDLE_5pack.zip
Korean Saju Premium PDF Reading - Personalized BaZi Four Pillars of Destiny Report,"# Korean Saju Premium PDF Report — $21.99

A 15-page personalized BaZi (Four Pillars of Destiny) reading delivered as a beautifully formatted PDF, generated specifically for your birth chart.

## What you get

- **Personalized 4 Pillars chart** (Year / Month / Day / Hour stems and branches)
- **Day Master analysis** — your core archetype (the foundation of Korean BaZi)
- **Five Elements balance** — which elements are strong, which need support
- **Career & Wealth tendencies** based on your specific chart
- **Relationship compatibility** hints (which Day Master pairs with yours)
- **Health awareness** — areas to watch based on your elemental balance
- **Lucky elements** — favorable colors, directions, numbers tailored to you
- **10-Year Luck Cycle (Da Yun) preview**
- **2026 Year Forecast** specific to your chart
- **Weekly action items** — concrete things to do/avoid this week
- **Glossary** of every Hanja term in plain English

## Why this is different

Most online Saju services are either:
- Generic horoscope copy (one-size-fits-all)
- Or dense academic Chinese metaphysics that gatekeeps newcomers

This report bridges both: structured enough to teach you the system, light enough to read in one sitting. Built by a Korean creator (kunstudio) who runs a 800+ entry Saju content library, so the framework is faithful — Heavenly Stems are exactly 10, Earthly Branches are exactly 12, the Five Elements relationships follow the classical 相生 / 相克 cycles.

## Format

Plain English with classical Hanja in parentheses where it matters. 15-page PDF (US Letter), readable on any device. No proprietary apps required.

## How to order

1. Purchase here ($21.99)
2. Reply to the order email with your **birth date (YYYY-MM-DD)**, **birth time (HH:MM in 24h)**, and **birth place** (city + country)
3. Receive your personalized PDF within 1 business day

(For privacy, your birth data is used only to generate your reading and is not stored.)

## AI Disclosure

Your reading is generated using AI (Claude) trained on classical BaZi principles. Each report is reviewed by a human curator before sending. This is faster and more affordable than a 1-hour in-person consultation in Seoul (₩100,000+) while keeping the framework authentic.

## Refunds

If the import does not work or the reading does not match your chart, message me within 7 days for a full refund. No questions.

---

**One reading per person.** Want a follow-up reading or a 10-year deep dive? Available as a Premium upgrade — message after your first reading.",21.99,USD,999,"saju reading,bazi reading,four pillars,korean astrology,birth chart reading,personalized reading,astrology pdf,bazi report,day master,five elements,2026 forecast,asian astrology,instant download","PDF,personalized,digital",Astrology Printable,made_to_order,automatic,i_did,false,D:\saju_premium_pdf\_cover\saju_premium_cover.jpg,D:\saju_premium_pdf\output\saju_SAMPLE.pdf,,,,,,,,,,SAJU-PREMIUM-PDF,,Digital,download,Craft Supplies & Tools > Patterns & How To,D:\saju_premium_pdf\saju_premium_listing_pack.zip
